<?xml version="1.0" encoding="UTF-8"?>
<!DOCTYPE log4j:configuration SYSTEM "log4j.dtd">

<log4j:configuration xmlns:log4j="http://jakarta.apache.org/log4j/"
	debug="true">

	<appender name="stdout" class="org.apache.log4j.ConsoleAppender">
		<param name="Threshold" value="debug" />
		<layout class="org.apache.log4j.PatternLayout">
			<param name="ConversionPattern" value="%d{HH:mm:ss} %p [%t]:%c{3}.%M()%L - %m%n" />
		</layout>
	</appender>

	<category name="org.springframework">
		<priority value="warn"/>
		<appender-ref ref="stdout" />
	</category>	

</log4j:configuration>