<?xml version="1.0" encoding="UTF-8" standalone="no"?>
<addon>
  <dependencies>
    <dependency export="true" name="org.jboss.forge.addon:ui" optional="false" version="3.3.1.Final"/>
    <dependency export="false" name="org.jboss.forge.furnace.container:cdi" optional="false" version="2.23.8.Final"/>
    <dependency export="true" name="org.jboss.forge.addon:projects" optional="false" version="3.3.1.Final"/>
    <dependency export="false" name="org.jboss.forge.addon:configuration" optional="false" version="3.3.1.Final"/>
    <dependency export="true" name="org.jboss.forge.addon:resources" optional="true" version="3.3.1.Final"/>
    <dependency export="true" name="org.jboss.forge.addon:convert" optional="false" version="3.3.1.Final"/>
    <dependency export="true" name="org.jboss.forge.addon:environment" optional="true" version="3.3.1.Final"/>
  </dependencies>
</addon>
